"""Country or Area"",""Year"",""Value"",""Value Footnotes"",""Unit"""
"Albania,""2014"",""0.0"","""",""tonnes"""
"Andorra,""2021"",""0.0"","""",""tonnes"""
"Andorra,""2020"",""0.0"","""",""tonnes"""
"Andorra,""2019"",""0.0"","""",""tonnes"""
"Andorra,""2018"",""0.0"","""",""tonnes"""
"Andorra,""2017"",""0.0"","""",""tonnes"""
"Andorra,""2016"",""0.0"","""",""tonnes"""
"Andorra,""2015"",""0.0"","""",""tonnes"""
"Andorra,""2014"",""0.0"","""",""tonnes"""
"Andorra,""2013"",""0.0"","""",""tonnes"""
"Andorra,""2012"",""0.0"","""",""tonnes"""
"Andorra,""2011"",""0.0"","""",""tonnes"""
"Andorra,""2010"",""0.0"","""",""tonnes"""
"Andorra,""2009"",""0.0"","""",""tonnes"""
"Andorra,""2008"",""0.0"","""",""tonnes"""
"Andorra,""2007"",""0.0"","""",""tonnes"""
"Andorra,""2006"",""0.0"","""",""tonnes"""
"Andorra,""2005"",""0.0"","""",""tonnes"""
"Andorra,""2004"",""426.0"","""",""tonnes"""
"Andorra,""2003"",""486.8"","""",""tonnes"""
"Andorra,""2002"",""313.4"","""",""tonnes"""
"Argentina,""2019"",""771060.0"","""",""tonnes"""
"Argentina,""2018"",""779237.0"","""",""tonnes"""
"Argentina,""2017"",""1002864.0"","""",""tonnes"""
"Argentina,""2016"",""731908.0"","""",""tonnes"""
"Armenia,""2021"",""666241.8"","""",""tonnes"""
"Armenia,""2020"",""21587945.0"","""",""tonnes"""
"Armenia,""2019"",""570537.0"","""",""tonnes"""
"Armenia,""2018"",""510858.5"","""",""tonnes"""
"Armenia,""2017"",""537813.7"","""",""tonnes"""
"Armenia,""2016"",""615470.6"","""",""tonnes"""
"Armenia,""2015"",""555076.6"","""",""tonnes"""
"Armenia,""2014"",""576419.4"","""",""tonnes"""
"Armenia,""2013"",""579049.8"","""",""tonnes"""
"Armenia,""2012"",""470505.7"","""",""tonnes"""
"Armenia,""2011"",""462895.8"","""",""tonnes"""
"Armenia,""2010"",""435397.8"","""",""tonnes"""
"Armenia,""2009"",""441023.6"","""",""tonnes"""
"Armenia,""2008"",""437258.5"","""",""tonnes"""
"Armenia,""2007"",""362275.0"","""",""tonnes"""
"Armenia,""2006"",""352279.0"","""",""tonnes"""
"Armenia,""2005"",""346325.0"","""",""tonnes"""
"Armenia,""2004"",""351400.0"","""",""tonnes"""
"Armenia,""2003"",""344095.0"","""",""tonnes"""
"Armenia,""2002"",""377900.0"","""",""tonnes"""
"Armenia,""2001"",""375500.0"","""",""tonnes"""
"Armenia,""2000"",""381578.0"","""",""tonnes"""
"Armenia,""1999"",""241596.0"","""",""tonnes"""
"Armenia,""1998"",""286607.0"","""",""tonnes"""
"Austria,""2016"",""447240.0"","""",""tonnes"""
"Austria,""2014"",""440136.0"","""",""tonnes"""
"Austria,""2012"",""338860.0"","""",""tonnes"""
"Austria,""2010"",""401082.0"","""",""tonnes"""
"Austria,""2008"",""395221.0"","""",""tonnes"""
"Austria,""2006"",""335042.0"","""",""tonnes"""
"Austria,""2004"",""861967.0"","""",""tonnes"""
"Azerbaijan,""2021"",""299042.0"","""",""tonnes"""
"Azerbaijan,""2020"",""296370.0"","""",""tonnes"""
"Azerbaijan,""2019"",""254450.0"","""",""tonnes"""
"Azerbaijan,""2018"",""283600.0"","""",""tonnes"""
"Azerbaijan,""2017"",""216837.0"","""",""tonnes"""
"Azerbaijan,""2016"",""707768.0"","""",""tonnes"""
"Azerbaijan,""2015"",""382998.0"","""",""tonnes"""
"Azerbaijan,""2014"",""529106.5"","""",""tonnes"""
"Azerbaijan,""2013"",""152446.0"","""",""tonnes"""
"Azerbaijan,""2012"",""205211.2"","""",""tonnes"""
"Azerbaijan,""2011"",""138281.5"","""",""tonnes"""
"Azerbaijan,""2010"",""151291.9"","""",""tonnes"""
"Azerbaijan,""2009"",""173658.1"","""",""tonnes"""
"Azerbaijan,""2008"",""69180.0"","""",""tonnes"""
"Azerbaijan,""2007"",""7677.0"","""",""tonnes"""
"Azerbaijan,""2006"",""1435482.0"","""",""tonnes"""
"Azerbaijan,""2005"",""5571.0"","""",""tonnes"""
"Azerbaijan,""2004"",""105165.0"","""",""tonnes"""
"Azerbaijan,""2003"",""11492.0"","""",""tonnes"""
"Azerbaijan,""2002"",""3342.0"","""",""tonnes"""
"Azerbaijan,""2001"",""4927.0"","""",""tonnes"""
"Azerbaijan,""2000"",""26783.0"","""",""tonnes"""
"Azerbaijan,""1999"",""13030.0"","""",""tonnes"""
"Azerbaijan,""1998"",""33922.0"","""",""tonnes"""
"Azerbaijan,""1997"",""36097.0"","""",""tonnes"""
"Azerbaijan,""1996"",""18024.0"","""",""tonnes"""
"Azerbaijan,""1995"",""25434.0"","""",""tonnes"""
"Bahrain,""2019"",""79652.9"","""",""tonnes"""
"Bahrain,""2018"",""46701.8"","""",""tonnes"""
"Bahrain,""2017"",""7397.0"","""",""tonnes"""
"Bahrain,""2016"",""9636.0"","""",""tonnes"""
"Bahrain,""2015"",""9939.2"","""",""tonnes"""
"Bahrain,""2014"",""56504.0"","""",""tonnes"""
"Bahrain,""2013"",""40447.9"","""",""tonnes"""
"Bahrain,""2012"",""38085.0"","""",""tonnes"""
"Bahrain,""2011"",""32023.1"","""",""tonnes"""
"Bahrain,""2010"",""31507.0"","""",""tonnes"""
"Bangladesh,""2021"",""11956.3"","""",""tonnes"""
"Bangladesh,""2020"",""10813.3"","""",""tonnes"""
"Bangladesh,""2019"",""10127.4"","""",""tonnes"""
"Bangladesh,""2012"",""28946.0"","""",""tonnes"""
"Bangladesh,""2007"",""19920.0"","""",""tonnes"""
"Bangladesh,""2005"",""75920.0"",""1"",""tonnes"""
"Bangladesh,""2004"",""73985.0"",""1"",""tonnes"""
"Belarus,""2021"",""1664040.0"","""",""tonnes"""
"Belarus,""2020"",""1911507.0"","""",""tonnes"""
"Belarus,""2019"",""1712710.0"","""",""tonnes"""
"Belarus,""2018"",""2194923.0"","""",""tonnes"""
"Belarus,""2017"",""1208420.0"","""",""tonnes"""
"Belarus,""2016"",""1351350.0"","""",""tonnes"""
"Belarus,""2015"",""1013570.0"","""",""tonnes"""
"Belarus,""2014"",""1455060.0"","""",""tonnes"""
"Belarus,""2013"",""1237640.0"","""",""tonnes"""
"Belarus,""2012"",""1477060.0"","""",""tonnes"""
"Belarus,""2011"",""968400.0"","""",""tonnes"""
"Belarus,""2010"",""957500.0"","""",""tonnes"""
"Belarus,""2009"",""809800.0"","""",""tonnes"""
"Belarus,""2008"",""537900.0"","""",""tonnes"""
"Belarus,""2007"",""420400.0"","""",""tonnes"""
"Belarus,""2006"",""323900.0"","""",""tonnes"""
"Belarus,""2005"",""296800.0"","""",""tonnes"""
"Belgium,""2016"",""2449731.0"","""",""tonnes"""
"Belgium,""2014"",""2101500.0"","""",""tonnes"""
"Belgium,""2012"",""1703615.0"","""",""tonnes"""
"Belgium,""2010"",""3487665.0"","""",""tonnes"""
"Belgium,""2008"",""2200008.0"","""",""tonnes"""
"Belgium,""2006"",""1760728.0"","""",""tonnes"""
"Belgium,""2004"",""3310427.0"","""",""tonnes"""
"Belize,""2000"",""775.0"",""2"",""tonnes"""
"Belize,""1999"",""691.0"",""2"",""tonnes"""
"Bermuda,""2019"",""1698.0"","""",""tonnes"""
"Bermuda,""2018"",""1362.0"","""",""tonnes"""
"Bermuda,""2017"",""530.0"","""",""tonnes"""
"Bermuda,""2016"",""600.0"","""",""tonnes"""
"Bermuda,""2015"",""669.1"","""",""tonnes"""
"Bermuda,""2014"",""615.0"","""",""tonnes"""
"Bermuda,""2013"",""543.0"","""",""tonnes"""
"Bermuda,""2012"",""576.0"","""",""tonnes"""
"Bermuda,""2011"",""601.0"","""",""tonnes"""
"Bermuda,""2010"",""585.0"","""",""tonnes"""
"Bhutan,""2019"",""358.6"","""",""tonnes"""
"Bhutan,""2017"",""428.0"","""",""tonnes"""
"Botswana,""2017"",""1061.5"","""",""tonnes"""
"Botswana,""2015"",""719.2"","""",""tonnes"""
"Botswana,""2013"",""386.7"","""",""tonnes"""
"Bulgaria,""2016"",""13177710.0"","""",""tonnes"""
"Bulgaria,""2014"",""12176438.0"","""",""tonnes"""
"Bulgaria,""2012"",""13389620.0"","""",""tonnes"""
"Bulgaria,""2010"",""13561160.0"","""",""tonnes"""
"Bulgaria,""2008"",""13037033.0"","""",""tonnes"""
"Bulgaria,""2006"",""13474505.0"","""",""tonnes"""
"Bulgaria,""2004"",""12090994.0"","""",""tonnes"""
"Burkina Faso,""2010"",""11.2"","""",""tonnes"""
"Burkina Faso,""2009"",""8.9"","""",""tonnes"""
"Cameroon,""2009"",""8716.6"","""",""tonnes"""
"Cameroon,""2008"",""9383.3"","""",""tonnes"""
"Cameroon,""2007"",""8296.1"","""",""tonnes"""
"Cameroon,""2006"",""10343.9"","""",""tonnes"""
"Cameroon,""2005"",""9429.8"","""",""tonnes"""
"Cameroon,""2004"",""5715.5"","""",""tonnes"""
"China,""2020"",""76304800.0"","""",""tonnes"""
"China,""2019"",""75393000.0"","""",""tonnes"""
"China,""2018"",""67885000.0"","""",""tonnes"""
"China,""2017"",""59727000.0"","""",""tonnes"""
"China,""2016"",""43172000.0"","""",""tonnes"""
"China,""2015"",""32237000.0"","""",""tonnes"""
"China,""2014"",""29908200.0"","""",""tonnes"""
"China,""2013"",""24012900.0"","""",""tonnes"""
"China,""2012"",""27028500.0"","""",""tonnes"""
"China,""2011"",""26895300.0"","""",""tonnes"""
"China,""2010"",""14895000.0"","""",""tonnes"""
"China,""2009"",""12590000.0"","""",""tonnes"""
"China,""2008"",""12080000.0"","""",""tonnes"""
"China,""2007"",""9960000.0"","""",""tonnes"""
"China,""2006"",""8550000.0"","""",""tonnes"""
"China,""2005"",""8350000.0"","""",""tonnes"""
"China,""2004"",""6780000.0"","""",""tonnes"""
"China,""2003"",""8020000.0"","""",""tonnes"""
"China,""2002"",""6330000.0"","""",""tonnes"""
"China,""2001"",""6710000.0"","""",""tonnes"""
"China,""2000"",""5870000.0"","""",""tonnes"""
"China,""1999"",""9890000.0"","""",""tonnes"""
"China,""1998"",""9282000.0"","""",""tonnes"""
"China, Hong Kong Special Administrative Region,""2015"",""31699.0"","""",""tonnes"""
"China, Hong Kong Special Administrative Region,""2014"",""30318.0"","""",""tonnes"""
"China, Hong Kong Special Administrative Region,""2013"",""30772.0"","""",""tonnes"""
"China, Hong Kong Special Administrative Region,""2012"",""31981.0"","""",""tonnes"""
"China, Hong Kong Special Administrative Region,""2011"",""34409.0"","""",""tonnes"""
"China, Hong Kong Special Administrative Region,""2010"",""39404.0"","""",""tonnes"""
"China, Hong Kong Special Administrative Region,""2009"",""53459.0"","""",""tonnes"""
"China, Hong Kong Special Administrative Region,""2008"",""55899.0"","""",""tonnes"""
"China, Hong Kong Special Administrative Region,""2007"",""59574.0"","""",""tonnes"""
"China, Hong Kong Special Administrative Region,""2006"",""57973.0"","""",""tonnes"""
"China, Hong Kong Special Administrative Region,""2005"",""46357.0"","""",""tonnes"""
"China, Hong Kong Special Administrative Region,""2004"",""47318.0"","""",""tonnes"""
"China, Hong Kong Special Administrative Region,""2003"",""58968.0"","""",""tonnes"""
"China, Hong Kong Special Administrative Region,""2002"",""63848.0"","""",""tonnes"""
"China, Hong Kong Special Administrative Region,""2001"",""76998.0"","""",""tonnes"""
"China, Hong Kong Special Administrative Region,""2000"",""91261.0"","""",""tonnes"""
"China, Hong Kong Special Administrative Region,""1999"",""71705.0"","""",""tonnes"""
"China, Hong Kong Special Administrative Region,""1998"",""88458.0"","""",""tonnes"""
"China, Hong Kong Special Administrative Region,""1997"",""79327.0"","""",""tonnes"""
"China, Hong Kong Special Administrative Region,""1996"",""79405.0"","""",""tonnes"""
"China, Hong Kong Special Administrative Region,""1995"",""97066.0"","""",""tonnes"""
"China, Macao Special Administrative Region,""2017"",""19798.0"","""",""tonnes"""
"China, Macao Special Administrative Region,""2016"",""21129.0"","""",""tonnes"""
"China, Macao Special Administrative Region,""2015"",""23668.0"","""",""tonnes"""
"China, Macao Special Administrative Region,""2014"",""20157.0"","""",""tonnes"""
"China, Macao Special Administrative Region,""2013"",""17252.0"","""",""tonnes"""
"China, Macao Special Administrative Region,""2012"",""17683.0"","""",""tonnes"""
"China, Macao Special Administrative Region,""2011"",""17573.0"","""",""tonnes"""
"China, Macao Special Administrative Region,""2010"",""12419.0"","""",""tonnes"""
"China, Macao Special Administrative Region,""2009"",""11705.0"","""",""tonnes"""
"China, Macao Special Administrative Region,""2008"",""8826.0"","""",""tonnes"""
"China, Macao Special Administrative Region,""2007"",""6369.0"","""",""tonnes"""
"China, Macao Special Administrative Region,""2006"",""6499.0"","""",""tonnes"""
"China, Macao Special Administrative Region,""2005"",""5929.0"","""",""tonnes"""
"China, Macao Special Administrative Region,""2004"",""5870.0"","""",""tonnes"""
"China, Macao Special Administrative Region,""2003"",""5924.0"","""",""tonnes"""
"China, Macao Special Administrative Region,""2002"",""5249.0"","""",""tonnes"""
"China, Macao Special Administrative Region,""2001"",""4545.0"","""",""tonnes"""
"China, Macao Special Administrative Region,""2000"",""4188.0"","""",""tonnes"""
"China, Macao Special Administrative Region,""1999"",""3905.0"","""",""tonnes"""
"China, Macao Special Administrative Region,""1998"",""3854.0"","""",""tonnes"""
"China, Macao Special Administrative Region,""1997"",""4179.0"","""",""tonnes"""
"Croatia,""2016"",""75892.0"","""",""tonnes"""
"Croatia,""2014"",""66055.0"","""",""tonnes"""
"Croatia,""2012"",""73404.0"","""",""tonnes"""
"Croatia,""2010"",""68554.0"","""",""tonnes"""
"Croatia,""2008"",""18364.0"","""",""tonnes"""
"Croatia,""2006"",""623383.0"","""",""tonnes"""
"Croatia,""2004"",""42636.0"","""",""tonnes"""
"Cuba,""2019"",""261835.0"","""",""tonnes"""
"Cuba,""2018"",""385607.0"","""",""tonnes"""
"Cuba,""2017"",""76194.0"","""",""tonnes"""
"Cuba,""2016"",""106136.0"","""",""tonnes"""
"Cuba,""2015"",""272285.0"","""",""tonnes"""
"Cuba,""2014"",""345665.0"","""",""tonnes"""
"Cuba,""2013"",""467293.0"","""",""tonnes"""
"Cuba,""2012"",""537508.0"","""",""tonnes"""
"Cuba,""2011"",""230469.0"","""",""tonnes"""
"Cuba,""2010"",""488662.0"","""",""tonnes"""
"Cyprus,""2016"",""141504.0"","""",""tonnes"""
"Cyprus,""2014"",""157243.0"","""",""tonnes"""
"Cyprus,""2012"",""13277.0"","""",""tonnes"""
"Cyprus,""2010"",""30779.0"","""",""tonnes"""
"Cyprus,""2008"",""23290.0"","""",""tonnes"""
"Cyprus,""2006"",""16651.0"","""",""tonnes"""
"Cyprus,""2004"",""65047.0"","""",""tonnes"""
"Czechia,""2016"",""529490.0"","""",""tonnes"""
"Czechia,""2014"",""597309.0"","""",""tonnes"""
"Czechia,""2012"",""753402.0"","""",""tonnes"""
"Czechia,""2010"",""831600.0"","""",""tonnes"""
"Czechia,""2008"",""834798.0"","""",""tonnes"""
"Czechia,""2006"",""572497.0"","""",""tonnes"""
"Czechia,""2004"",""648497.0"","""",""tonnes"""
"Denmark,""2016"",""1884932.0"","""",""tonnes"""
"Denmark,""2014"",""1546812.0"","""",""tonnes"""
"Denmark,""2012"",""1206582.0"","""",""tonnes"""
"Denmark,""2010"",""1073218.0"","""",""tonnes"""
"Denmark,""2008"",""416095.0"","""",""tonnes"""
"Denmark,""2006"",""375562.0"","""",""tonnes"""
"Denmark,""2004"",""338334.0"","""",""tonnes"""
"El Salvador,""2013"",""5.9"","""",""tonnes"""
"El Salvador,""2012"",""1.9"","""",""tonnes"""
"El Salvador,""2010"",""42.7"","""",""tonnes"""
"Estonia,""2016"",""9590378.0"","""",""tonnes"""
"Estonia,""2014"",""10315095.0"","""",""tonnes"""
"Estonia,""2012"",""9131274.0"","""",""tonnes"""
"Estonia,""2010"",""8928558.0"","""",""tonnes"""
"Estonia,""2008"",""7708801.0"","""",""tonnes"""
"Estonia,""2006"",""6864430.0"","""",""tonnes"""
"Estonia,""2004"",""7180381.0"","""",""tonnes"""
"Fiji,""2021"",""14.9"","""",""tonnes"""
"Fiji,""2020"",""15.6"","""",""tonnes"""
"Fiji,""2019"",""18.7"","""",""tonnes"""
"Fiji,""2018"",""14.2"","""",""tonnes"""
"Fiji,""2017"",""13.9"","""",""tonnes"""
"Fiji,""2016"",""11.7"","""",""tonnes"""
"Fiji,""2015"",""11.8"","""",""tonnes"""
"Fiji,""2014"",""10.8"","""",""tonnes"""
"Fiji,""2013"",""6.6"","""",""tonnes"""
"Fiji,""2012"",""2.9"","""",""tonnes"""
"Fiji,""2011"",""3.9"","""",""tonnes"""
"Fiji,""2010"",""3.5"","""",""tonnes"""
"Fiji,""2009"",""3.7"","""",""tonnes"""
"Fiji,""2008"",""3.3"","""",""tonnes"""
"Fiji,""2007"",""3.0"","""",""tonnes"""
"Fiji,""2006"",""3.9"","""",""tonnes"""
"Finland,""2016"",""2003904.0"","""",""tonnes"""
"Finland,""2014"",""1915719.0"","""",""tonnes"""
"Finland,""2012"",""1411308.0"","""",""tonnes"""
"Finland,""2010"",""1365767.0"","""",""tonnes"""
"Finland,""2008"",""2178038.0"","""",""tonnes"""
"Finland,""2006"",""2172452.0"","""",""tonnes"""
"Finland,""2004"",""2229060.0"","""",""tonnes"""
"France,""2016"",""7165230.0"","""",""tonnes"""
"France,""2014"",""7605065.0"","""",""tonnes"""
"France,""2012"",""8841003.0"","""",""tonnes"""
"France,""2010"",""8533645.0"","""",""tonnes"""
"France,""2008"",""6853136.0"","""",""tonnes"""
"France,""2006"",""6689820.0"","""",""tonnes"""
"France,""2004"",""6772000.0"","""",""tonnes"""
"French Guiana,""2020"",""2100.0"","""",""tonnes"""
"French Guiana,""2019"",""2050.0"","""",""tonnes"""
"French Guiana,""2018"",""2018.0"","""",""tonnes"""
"French Guiana,""2017"",""281.0"","""",""tonnes"""
"French Guiana,""2014"",""1682.0"","""",""tonnes"""
"French Guiana,""2013"",""1291.0"","""",""tonnes"""
"French Guiana,""2008"",""111.0"",""3"",""tonnes"""
"French Guiana,""2007"",""76.0"",""3"",""tonnes"""
"Germany,""2016"",""21499052.0"","""",""tonnes"""
"Germany,""2014"",""20521108.0"","""",""tonnes"""
"Germany,""2012"",""21098396.0"","""",""tonnes"""
"Germany,""2010"",""19046940.0"","""",""tonnes"""
"Germany,""2008"",""23823844.0"","""",""tonnes"""
"Germany,""2006"",""21743228.0"","""",""tonnes"""
"Germany,""2004"",""20556732.0"","""",""tonnes"""
"Greece,""2014"",""115015.0"","""",""tonnes"""
"Greece,""2012"",""108104.0"","""",""tonnes"""
"Greece,""2010"",""108202.0"","""",""tonnes"""
"Greece,""2008"",""157014.0"","""",""tonnes"""
"Greece,""2006"",""186785.0"","""",""tonnes"""
"Greece,""2004"",""292650.0"","""",""tonnes"""
"Guadeloupe,""2020"",""21769.0"","""",""tonnes"""
"Guadeloupe,""2019"",""23374.0"","""",""tonnes"""
"Guadeloupe,""2018"",""20792.0"","""",""tonnes"""
"Guadeloupe,""2017"",""16255.0"","""",""tonnes"""
"Guadeloupe,""2016"",""17233.0"","""",""tonnes"""
"Guadeloupe,""2015"",""13917.0"","""",""tonnes"""
"Guadeloupe,""2014"",""17603.0"","""",""tonnes"""
"Guadeloupe,""2013"",""15804.0"","""",""tonnes"""
"Guadeloupe,""2008"",""9048.0"",""3"",""tonnes"""
"Guadeloupe,""2007"",""4385.0"",""3"",""tonnes"""
"Guatemala,""2017"",""12363.6"","""",""tonnes"""
"Guatemala,""2016"",""4883.6"","""",""tonnes"""
"Guatemala,""2015"",""1366.5"","""",""tonnes"""
"Guatemala,""2014"",""20363.6"","""",""tonnes"""
"Guatemala,""2013"",""10276.1"","""",""tonnes"""
"Guatemala,""2012"",""6324.9"","""",""tonnes"""
"Guatemala,""2011"",""10204.0"","""",""tonnes"""
"Guatemala,""2010"",""304970.0"","""",""tonnes"""
"Guatemala,""2009"",""3600.0"","""",""tonnes"""
"Guatemala,""2008"",""917.0"","""",""tonnes"""
"Guatemala,""2007"",""846.0"","""",""tonnes"""
"Guatemala,""2006"",""709.0"","""",""tonnes"""
"Guatemala,""2005"",""732.0"","""",""tonnes"""
"Guatemala,""2004"",""833.0"","""",""tonnes"""
"Guatemala,""2003"",""376.0"","""",""tonnes"""
"Guatemala,""2002"",""0.0"","""",""tonnes"""
"Guatemala,""2001"",""0.0"","""",""tonnes"""
"Hungary,""2016"",""341660.0"","""",""tonnes"""
"Hungary,""2014"",""372580.0"","""",""tonnes"""
"Hungary,""2012"",""376810.0"","""",""tonnes"""
"Hungary,""2010"",""373999.0"","""",""tonnes"""
"Hungary,""2008"",""449610.0"","""",""tonnes"""
"Hungary,""2006"",""1179859.0"","""",""tonnes"""
"Hungary,""2004"",""325032.0"","""",""tonnes"""
"Iceland,""2016"",""47852.0"","""",""tonnes"""
"Iceland,""2014"",""36250.0"","""",""tonnes"""
"Iceland,""2012"",""11639.0"","""",""tonnes"""
"Iceland,""2010"",""7927.0"","""",""tonnes"""
"Iceland,""2008"",""135100.0"","""",""tonnes"""
"Iceland,""2004"",""11000.0"","""",""tonnes"""
"India,""2019"",""8181049.0"","""",""tonnes"""
"India,""2018"",""6941838.9"","""",""tonnes"""
"India,""2017"",""7174779.0"","""",""tonnes"""
"India,""2016"",""4649177.3"","""",""tonnes"""
"Iraq,""2015"",""20622.0"","""",""tonnes"""
"Iraq,""2010"",""15546.0"","""",""tonnes"""
"Ireland,""2016"",""78411.0"","""",""tonnes"""
"Ireland,""2014"",""86518.0"","""",""tonnes"""
"Ireland,""2012"",""69111.0"","""",""tonnes"""
"Ireland,""2010"",""266742.0"","""",""tonnes"""
"Ireland,""2008"",""192782.0"","""",""tonnes"""
"Ireland,""2006"",""190951.0"","""",""tonnes"""
"Ireland,""2004"",""122734.0"","""",""tonnes"""
"Italy,""2016"",""3648542.0"","""",""tonnes"""
"Italy,""2014"",""3574305.0"","""",""tonnes"""
"Italy,""2012"",""3258267.0"","""",""tonnes"""
"Italy,""2010"",""3106766.0"","""",""tonnes"""
"Italy,""2008"",""3277345.0"","""",""tonnes"""
"Italy,""2006"",""2926159.0"","""",""tonnes"""
"Italy,""2004"",""2885110.0"","""",""tonnes"""
"Jamaica,""2006"",""8435.0"","""",""tonnes"""
"Jamaica,""2005"",""10000.0"","""",""tonnes"""
"Jamaica,""2004"",""10000.0"","""",""tonnes"""
"Jamaica,""2003"",""10000.0"","""",""tonnes"""
"Jamaica,""2002"",""10000.0"","""",""tonnes"""
"Jamaica,""2001"",""10000.0"","""",""tonnes"""
"Jamaica,""2000"",""10000.0"","""",""tonnes"""
"Jamaica,""1999"",""10000.0"","""",""tonnes"""
"Jamaica,""1998"",""10000.0"","""",""tonnes"""
"Jamaica,""1997"",""10000.0"","""",""tonnes"""
"Jamaica,""1996"",""10000.0"","""",""tonnes"""
"Jordan,""2021"",""51900.0"","""",""tonnes"""
"Jordan,""2020"",""41000.0"","""",""tonnes"""
"Jordan,""2019"",""37000.0"","""",""tonnes"""
"Jordan,""2018"",""33475.0"","""",""tonnes"""
"Jordan,""2017"",""29955.0"","""",""tonnes"""
"Jordan,""2016"",""27000.0"","""",""tonnes"""
"Jordan,""2014"",""48852.0"","""",""tonnes"""
"Jordan,""2013"",""1258978.0"","""",""tonnes"""
"Jordan,""2011"",""1230440.6"","""",""tonnes"""
"Jordan,""2010"",""61962.1"","""",""tonnes"""
"Jordan,""2009"",""108403.4"","""",""tonnes"""
"Jordan,""2008"",""1293804.4"","""",""tonnes"""
"Jordan,""2006"",""16120.1"","""",""tonnes"""
"Jordan,""2005"",""48623.8"","""",""tonnes"""
"Jordan,""2004"",""33431.9"","""",""tonnes"""
"Jordan,""2003"",""73616.7"","""",""tonnes"""
"Kazakhstan,""2021"",""38142483.9"","""",""tonnes"""
"Kazakhstan,""2020"",""162431705.4"","""",""tonnes"""
"Kazakhstan,""2019"",""370582784.0"","""",""tonnes"""
"Kazakhstan,""2018"",""536541792.0"","""",""tonnes"""
"Kazakhstan,""2017"",""399558016.0"","""",""tonnes"""
"Kazakhstan,""2016"",""53210292.0"","""",""tonnes"""
"Kazakhstan,""2015"",""86369280.0"","""",""tonnes"""
"Kazakhstan,""2014"",""131607696.0"","""",""tonnes"""
"Kazakhstan,""2013"",""175721440.0"","""",""tonnes"""
"Kazakhstan,""2012"",""126843584.0"","""",""tonnes"""
"Kazakhstan,""2011"",""108102072.0"","""",""tonnes"""
"Kazakhstan,""2010"",""85282656.0"","""",""tonnes"""
"Kazakhstan,""2009"",""106067768.0"","""",""tonnes"""
"Kazakhstan,""2008"",""369855040.0"","""",""tonnes"""
"Kazakhstan,""2007"",""283727872.0"","""",""tonnes"""
"Kazakhstan,""2006"",""60856496.0"","""",""tonnes"""
"Kazakhstan,""2005"",""17450440.0"","""",""tonnes"""
"Kazakhstan,""2004"",""28404118.0"","""",""tonnes"""
"Kenya,""2017"",""38120.4"","""",""tonnes"""
"Kuwait,""2021"",""10824871.8"","""",""tonnes"""
"Kuwait,""2020"",""10752945.0"","""",""tonnes"""
"Kuwait,""2019"",""6713332.0"","""",""tonnes"""
"Kuwait,""2018"",""7091863.4"","""",""tonnes"""
"Kuwait,""2017"",""5089201.5"","""",""tonnes"""
"Kuwait,""2016"",""3967702.5"","""",""tonnes"""
"Kuwait,""2015"",""2997896.0"","""",""tonnes"""
"Kuwait,""2014"",""3619475.0"","""",""tonnes"""
"Kuwait,""2013"",""3186681.0"","""",""tonnes"""
"Kuwait,""2012"",""2850061.0"","""",""tonnes"""
"Kuwait,""2011"",""40909.8"","""",""tonnes"""
"Kuwait,""2010"",""17786.1"","""",""tonnes"""
"Kuwait,""2009"",""13634.5"","""",""tonnes"""
"Kuwait,""2006"",""6000.0"","""",""tonnes"""
"Kuwait,""2005"",""6000.0"","""",""tonnes"""
"Kyrgyzstan,""2017"",""5086267.0"","""",""tonnes"""
"Kyrgyzstan,""2016"",""4058328.5"","""",""tonnes"""
"Kyrgyzstan,""2015"",""4936829.5"","""",""tonnes"""
"Kyrgyzstan,""2014"",""4983976.0"","""",""tonnes"""
"Kyrgyzstan,""2013"",""3131828.8"","""",""tonnes"""
"Kyrgyzstan,""2012"",""53942.8"","""",""tonnes"""
"Kyrgyzstan,""2011"",""82317.1"","""",""tonnes"""
"Kyrgyzstan,""2010"",""187180.8"","""",""tonnes"""
"Kyrgyzstan,""2009"",""19342756.0"","""",""tonnes"""
"Kyrgyzstan,""2008"",""3006.0"","""",""tonnes"""
"Kyrgyzstan,""2007"",""7909705.0"","""",""tonnes"""
"Kyrgyzstan,""2006"",""1258.0"","""",""tonnes"""
"Kyrgyzstan,""2005"",""1555.0"","""",""tonnes"""
"Kyrgyzstan,""2004"",""307.0"","""",""tonnes"""
"Kyrgyzstan,""2003"",""5327.0"","""",""tonnes"""
"Kyrgyzstan,""2002"",""39.0"","""",""tonnes"""
"Kyrgyzstan,""2001"",""35.0"","""",""tonnes"""
"Kyrgyzstan,""2000"",""4011426.0"","""",""tonnes"""
"Kyrgyzstan,""1999"",""275.0"","""",""tonnes"""
"Kyrgyzstan,""1998"",""32.0"","""",""tonnes"""
"Kyrgyzstan,""1997"",""1477107.0"","""",""tonnes"""
"Kyrgyzstan,""1996"",""191.0"","""",""tonnes"""
"Kyrgyzstan,""1995"",""339.0"","""",""tonnes"""
"Latvia,""2016"",""20492.0"","""",""tonnes"""
"Latvia,""2014"",""43376.0"","""",""tonnes"""
"Latvia,""2012"",""41749.0"","""",""tonnes"""
"Latvia,""2010"",""54193.0"","""",""tonnes"""
"Latvia,""2008"",""67877.0"","""",""tonnes"""
"Latvia,""2006"",""52242.0"","""",""tonnes"""
"Latvia,""2004"",""57791.0"","""",""tonnes"""
"Lebanon,""2001"",""108218.0"","""",""tonnes"""
"Lebanon,""1998"",""3945.0"",""4"",""tonnes"""
"Lithuania,""2016"",""61179.0"","""",""tonnes"""
"Lithuania,""2014"",""55457.0"","""",""tonnes"""
"Lithuania,""2012"",""70246.0"","""",""tonnes"""
"Lithuania,""2010"",""48853.0"","""",""tonnes"""
"Lithuania,""2008"",""19927.0"","""",""tonnes"""
"Lithuania,""2006"",""28101.0"","""",""tonnes"""
"Lithuania,""2004"",""38081.0"","""",""tonnes"""
"Luxembourg,""2016"",""45926.0"","""",""tonnes"""
"Luxembourg,""2014"",""37843.0"","""",""tonnes"""
"Luxembourg,""2012"",""1992.0"","""",""tonnes"""
"Luxembourg,""2010"",""3272.0"","""",""tonnes"""
"Luxembourg,""2008"",""46734.0"","""",""tonnes"""
"Luxembourg,""2006"",""130189.0"","""",""tonnes"""
"Luxembourg,""2004"",""34375.0"","""",""tonnes"""
"Madagascar,""2007"",""45957.0"","""",""tonnes"""
"Malaysia,""2017"",""1990983.6"","""",""tonnes"""
"Malaysia,""2016"",""2729617.5"","""",""tonnes"""
"Malaysia,""2015"",""592461.8"","""",""tonnes"""
"Malaysia,""2014"",""806295.4"","""",""tonnes"""
"Malaysia,""2013"",""783410.4"","""",""tonnes"""
"Malaysia,""2012"",""817562.4"","""",""tonnes"""
"Malaysia,""2011"",""1091710.5"","""",""tonnes"""
"Malaysia,""2010"",""1040159.2"","""",""tonnes"""
"Malaysia,""2009"",""1705308.0"","""",""tonnes"""
"Malaysia,""2008"",""1304898.8"","""",""tonnes"""
"Malaysia,""2007"",""1138839.5"","""",""tonnes"""
"Malaysia,""2006"",""1103457.0"","""",""tonnes"""
"Malaysia,""2005"",""548916.1"","""",""tonnes"""
"Malaysia,""2004"",""469584.1"","""",""tonnes"""
"Malaysia,""2003"",""460865.8"","""",""tonnes"""
"Malaysia,""2002"",""460866.6"","""",""tonnes"""
"Malaysia,""2001"",""420198.0"","""",""tonnes"""
"Malaysia,""2000"",""344550.3"","""",""tonnes"""
"Malaysia,""1999"",""540152.5"","""",""tonnes"""
"Malta,""2016"",""477.0"","""",""tonnes"""
"Malta,""2014"",""439.0"","""",""tonnes"""
"Malta,""2012"",""501.0"","""",""tonnes"""
"Malta,""2010"",""437.0"","""",""tonnes"""
"Malta,""2008"",""327.0"","""",""tonnes"""
"Malta,""2006"",""0.0"","""",""tonnes"""
"Malta,""2004"",""0.0"","""",""tonnes"""
"Martinique,""2020"",""3855.0"","""",""tonnes"""
"Martinique,""2019"",""787.0"","""",""tonnes"""
"Martinique,""2010"",""8525.0"","""",""tonnes"""
"Martinique,""2008"",""3756.0"",""3"",""tonnes"""
"Mauritius,""2021"",""4593.3"","""",""tonnes"""
"Mauritius,""2020"",""4554.6"","""",""tonnes"""
"Mauritius,""2019"",""5136.9"","""",""tonnes"""
"Mauritius,""2018"",""4653.0"","""",""tonnes"""
"Mauritius,""2017"",""4883.3"","""",""tonnes"""
"Mauritius,""2016"",""4314.4"","""",""tonnes"""
"Mauritius,""2015"",""4734.6"","""",""tonnes"""
"Mauritius,""2014"",""3427.2"","""",""tonnes"""
"Mauritius,""2013"",""3156.3"","""",""tonnes"""
"Mauritius,""2012"",""2798.2"","""",""tonnes"""
"Mauritius,""2011"",""2860.4"","""",""tonnes"""
"Mauritius,""2010"",""2823.7"","""",""tonnes"""
"Mauritius,""2009"",""3435.4"","""",""tonnes"""
"Mauritius,""2008"",""2811.7"","""",""tonnes"""
"Mauritius,""2007"",""3980.0"","""",""tonnes"""
"Mauritius,""2006"",""22.0"","""",""tonnes"""
"Mauritius,""2005"",""107.0"","""",""tonnes"""
"Mauritius,""2004"",""48.0"","""",""tonnes"""
"Mauritius,""2003"",""71.0"","""",""tonnes"""
"Monaco,""2017"",""166.2"","""",""tonnes"""
"Monaco,""2016"",""344.7"","""",""tonnes"""
"Monaco,""2015"",""284.5"","""",""tonnes"""
"Monaco,""2014"",""268.5"","""",""tonnes"""
"Monaco,""2013"",""261.7"","""",""tonnes"""
"Monaco,""2012"",""0.0"","""",""tonnes"""
"Monaco,""2011"",""0.0"","""",""tonnes"""
"Monaco,""2010"",""0.0"","""",""tonnes"""
"Monaco,""2009"",""0.0"","""",""tonnes"""
"Monaco,""2008"",""0.0"","""",""tonnes"""
"Monaco,""2007"",""0.0"","""",""tonnes"""
"Monaco,""2006"",""0.0"","""",""tonnes"""
"Monaco,""2005"",""0.0"","""",""tonnes"""
"Monaco,""2004"",""0.0"","""",""tonnes"""
"Monaco,""2003"",""0.0"","""",""tonnes"""
"Monaco,""2002"",""0.0"","""",""tonnes"""
"Monaco,""2001"",""0.0"","""",""tonnes"""
"Monaco,""2000"",""0.0"","""",""tonnes"""
"Monaco,""1999"",""0.0"","""",""tonnes"""
"Monaco,""1998"",""0.0"","""",""tonnes"""
"Monaco,""1997"",""0.0"","""",""tonnes"""
"Monaco,""1996"",""0.0"","""",""tonnes"""
"Monaco,""1995"",""0.0"","""",""tonnes"""
"Monaco,""1990"",""0.0"","""",""tonnes"""
"Mongolia,""2021"",""223018.1"","""",""tonnes"""
"Mongolia,""2020"",""458821.1"","""",""tonnes"""
"Mongolia,""2019"",""316415.7"","""",""tonnes"""
"Mongolia,""2018"",""284008.2"","""",""tonnes"""
"Netherlands,""2016"",""5305777.0"","""",""tonnes"""
"Netherlands,""2014"",""4495506.0"","""",""tonnes"""
"Netherlands,""2012"",""4443090.0"","""",""tonnes"""
"Netherlands,""2010"",""3799827.0"","""",""tonnes"""
"Netherlands,""2008"",""4032092.0"","""",""tonnes"""
"Netherlands,""2006"",""4595694.0"","""",""tonnes"""
"Netherlands,""2004"",""1810306.0"","""",""tonnes"""
"Niger,""2005"",""554000.0"","""",""tonnes"""
"Niger,""2004"",""503000.0"","""",""tonnes"""
"North Macedonia,""2014"",""3763.0"","""",""tonnes"""
"North Macedonia,""2012"",""681070.0"","""",""tonnes"""
"North Macedonia,""2010"",""152966.0"","""",""tonnes"""
"North Macedonia,""2008"",""6201.0"","""",""tonnes"""
"Norway,""2016"",""1380511.0"","""",""tonnes"""
"Norway,""2014"",""1483338.0"","""",""tonnes"""
"Norway,""2012"",""1013027.0"","""",""tonnes"""
"Norway,""2010"",""1560099.0"","""",""tonnes"""
"Norway,""2008"",""1337680.0"","""",""tonnes"""
"Norway,""2006"",""1256645.0"","""",""tonnes"""
"Norway,""2004"",""1010921.0"","""",""tonnes"""
"Oman,""2020"",""71767.5"","""",""tonnes"""
"Oman,""2019"",""10625.8"","""",""tonnes"""
"Oman,""2018"",""6235.5"","""",""tonnes"""
"Panama,""2011"",""3094.7"","""",""tonnes"""
"Panama,""2010"",""3037.1"","""",""tonnes"""
"Panama,""2009"",""2338.3"","""",""tonnes"""
"Panama,""2008"",""1682.9"","""",""tonnes"""
"Panama,""2007"",""1181.9"","""",""tonnes"""
"Panama,""2006"",""1775.2"","""",""tonnes"""
"Panama,""2005"",""1547.1"","""",""tonnes"""
"Panama,""2004"",""1509.9"","""",""tonnes"""
"Panama,""2003"",""1689.5"","""",""tonnes"""
"Panama,""2002"",""1363.7"","""",""tonnes"""
"Panama,""2001"",""763.6"","""",""tonnes"""
"Panama,""2000"",""281.4"","""",""tonnes"""
"Panama,""1999"",""290.5"","""",""tonnes"""
"Panama,""1995"",""217.9"","""",""tonnes"""
"Panama,""1990"",""173.2"","""",""tonnes"""
"Peru,""2021"",""1654696.1"","""",""tonnes"""
"Peru,""2020"",""2927914.1"","""",""tonnes"""
"Philippines,""2017"",""2363934.0"","""",""tonnes"""
"Philippines,""2016"",""603470.6"","""",""tonnes"""
"Philippines,""2015"",""1582496.4"","""",""tonnes"""
"Philippines,""2014"",""962400.8"","""",""tonnes"""
"Philippines,""2013"",""6638380.0"","""",""tonnes"""
"Philippines,""2012"",""444358.9"","""",""tonnes"""
"Philippines,""2011"",""4595184.5"","""",""tonnes"""
"Philippines,""2010"",""254484.6"","""",""tonnes"""
"Philippines,""2009"",""2109772.0"","""",""tonnes"""
"Poland,""2016"",""1391428.0"","""",""tonnes"""
"Poland,""2014"",""1876577.0"","""",""tonnes"""
"Poland,""2012"",""1434985.0"","""",""tonnes"""
"Poland,""2010"",""1577966.0"","""",""tonnes"""
"Poland,""2008"",""1624573.0"","""",""tonnes"""
"Poland,""2006"",""2277779.0"","""",""tonnes"""
"Poland,""2004"",""1575748.0"","""",""tonnes"""
"Portugal,""2016"",""490956.0"","""",""tonnes"""
"Portugal,""2014"",""466197.0"","""",""tonnes"""
"Portugal,""2012"",""444199.0"","""",""tonnes"""
"Portugal,""2010"",""330978.0"","""",""tonnes"""
"Portugal,""2008"",""289216.0"","""",""tonnes"""
"Portugal,""2006"",""3363875.0"","""",""tonnes"""
"Portugal,""2004"",""1898715.0"","""",""tonnes"""
"Republic of Moldova,""2021"",""4946.1"","""",""tonnes"""
"Republic of Moldova,""2020"",""3176.1"","""",""tonnes"""
"Republic of Moldova,""2019"",""4960.2"","""",""tonnes"""
"Republic of Moldova,""2018"",""6685.2"","""",""tonnes"""
"Republic of Moldova,""2017"",""7614.9"","""",""tonnes"""
"Republic of Moldova,""2016"",""2981.4"","""",""tonnes"""
"Republic of Moldova,""2015"",""1254.9"","""",""tonnes"""
"Republic of Moldova,""2014"",""1289.2"","""",""tonnes"""
"Republic of Moldova,""2013"",""1512.0"","""",""tonnes"""
"Republic of Moldova,""2012"",""1006.7"","""",""tonnes"""
"Republic of Moldova,""2011"",""1273.9"","""",""tonnes"""
"Republic of Moldova,""2010"",""964.0"","""",""tonnes"""
"Republic of Moldova,""2009"",""1593.0"","""",""tonnes"""
"Republic of Moldova,""2008"",""1874.0"","""",""tonnes"""
"Republic of Moldova,""2007"",""3562.0"","""",""tonnes"""
"Republic of Moldova,""2006"",""1607.0"","""",""tonnes"""
"Republic of Moldova,""2005"",""1211.0"","""",""tonnes"""
"Republic of Moldova,""2004"",""2220.0"","""",""tonnes"""
"Republic of Moldova,""2003"",""3936.0"","""",""tonnes"""
"Republic of Moldova,""2002"",""3140.0"","""",""tonnes"""
"Republic of Moldova,""2001"",""1902.0"","""",""tonnes"""
"Republic of Moldova,""2000"",""2375.0"","""",""tonnes"""
"Republic of Moldova,""1999"",""2456.0"","""",""tonnes"""
"Republic of Moldova,""1998"",""2233.0"","""",""tonnes"""
"Republic of Moldova,""1997"",""1650.0"","""",""tonnes"""
"Republic of Moldova,""1996"",""2138.0"","""",""tonnes"""
"Republic of Moldova,""1995"",""1991.0"","""",""tonnes"""
"Republic of Moldova,""1990"",""191575.0"","""",""tonnes"""
"Réunion,""2020"",""27195.0"","""",""tonnes"""
"Réunion,""2019"",""25018.0"","""",""tonnes"""
"Réunion,""2018"",""24314.0"","""",""tonnes"""
"Réunion,""2017"",""20463.0"","""",""tonnes"""
"Réunion,""2016"",""24663.0"","""",""tonnes"""
"Réunion,""2015"",""19240.0"","""",""tonnes"""
"Réunion,""2014"",""16076.0"","""",""tonnes"""
"Réunion,""2013"",""15548.0"","""",""tonnes"""
"Réunion,""2000"",""9786.0"","""",""tonnes"""
"Réunion,""1997"",""7760.0"","""",""tonnes"""
"Romania,""2016"",""348386.0"","""",""tonnes"""
"Romania,""2014"",""500394.0"","""",""tonnes"""
"Romania,""2012"",""620287.0"","""",""tonnes"""
"Romania,""2010"",""431080.0"","""",""tonnes"""
"Romania,""2008"",""259924.0"","""",""tonnes"""
"Romania,""2006"",""867602.0"","""",""tonnes"""
"Romania,""2004"",""1697100.0"","""",""tonnes"""
"Saint Lucia,""2019"",""4730.0"","""",""tonnes"""
"Saint Lucia,""2018"",""2472.0"","""",""tonnes"""
"Saint Lucia,""2017"",""1644.0"","""",""tonnes"""
"Saint Lucia,""2016"",""1715.0"","""",""tonnes"""
"Saint Lucia,""2015"",""2632.0"","""",""tonnes"""
"Saint Lucia,""2014"",""2707.0"","""",""tonnes"""
"Saint Lucia,""2013"",""1771.0"","""",""tonnes"""
"Saint Lucia,""2012"",""63.0"","""",""tonnes"""
"Saint Lucia,""2011"",""70.0"","""",""tonnes"""
"Saint Lucia,""2010"",""146.0"","""",""tonnes"""
"Saint Lucia,""2009"",""175.0"","""",""tonnes"""
"Saint Lucia,""2008"",""64.0"","""",""tonnes"""
"Saint Lucia,""2007"",""90.0"","""",""tonnes"""
"Saint Lucia,""2006"",""115.0"","""",""tonnes"""
"Saint Lucia,""2005"",""294.0"","""",""tonnes"""
"Saint Lucia,""2004"",""384.0"","""",""tonnes"""
"Saint Vincent and the Grenadines,""2002"",""0.2"","""",""tonnes"""
"Senegal,""1999"",""81957.0"","""",""tonnes"""
"Serbia,""2015"",""16558589.0"","""",""tonnes"""
"Serbia,""2014"",""13493549.0"","""",""tonnes"""
"Serbia,""2013"",""16560253.0"","""",""tonnes"""
"Serbia,""2012"",""14429107.0"","""",""tonnes"""
"Serbia,""2011"",""12801404.0"","""",""tonnes"""
"Serbia,""2010"",""11181849.0"","""",""tonnes"""
"Serbia,""2009"",""10070112.0"","""",""tonnes"""
"Serbia,""2008"",""8392001.0"","""",""tonnes"""
"Slovakia,""2016"",""171035.0"","""",""tonnes"""
"Slovakia,""2014"",""201819.0"","""",""tonnes"""
"Slovakia,""2012"",""199393.0"","""",""tonnes"""
"Slovakia,""2010"",""223808.0"","""",""tonnes"""
"Slovakia,""2008"",""355772.0"","""",""tonnes"""
"Slovakia,""2006"",""367801.0"","""",""tonnes"""
"Slovakia,""2004"",""439390.0"","""",""tonnes"""
"Slovenia,""2016"",""76726.0"","""",""tonnes"""
"Slovenia,""2014"",""91696.0"","""",""tonnes"""
"Slovenia,""2012"",""73702.0"","""",""tonnes"""
"Slovenia,""2010"",""100898.0"","""",""tonnes"""
"Slovenia,""2008"",""116326.0"","""",""tonnes"""
"Slovenia,""2006"",""87308.0"","""",""tonnes"""
"Slovenia,""2004"",""99042.0"","""",""tonnes"""
"South Africa,""2021"",""39597324.3"","""",""tonnes"""
"South Africa,""2020"",""38591841.8"","""",""tonnes"""
"South Africa,""2019"",""44117053.8"","""",""tonnes"""
"South Africa,""2018"",""37944399.0"","""",""tonnes"""
"South Africa,""2016"",""9626309.0"","""",""tonnes"""
"Spain,""2016"",""2118455.0"","""",""tonnes"""
"Spain,""2014"",""2321536.0"","""",""tonnes"""
"Spain,""2012"",""2420583.0"","""",""tonnes"""
"Spain,""2010"",""2743636.0"","""",""tonnes"""
"Spain,""2008"",""3362069.0"","""",""tonnes"""
"Spain,""2006"",""3722628.0"","""",""tonnes"""
"Spain,""2004"",""3667222.0"","""",""tonnes"""
"State of Palestine,""2014"",""4572.0"","""",""tonnes"""
"State of Palestine,""2012"",""4512.0"","""",""tonnes"""
"State of Palestine,""2010"",""4080.0"","""",""tonnes"""
"State of Palestine,""2009"",""14422.8"","""",""tonnes"""
"State of Palestine,""2008"",""11886.0"","""",""tonnes"""
"State of Palestine,""2007"",""8466.0"","""",""tonnes"""
"State of Palestine,""2006"",""5113.2"","""",""tonnes"""
"State of Palestine,""2005"",""5674.8"","""",""tonnes"""
"State of Palestine,""2004"",""4570.8"","""",""tonnes"""
"State of Palestine,""2003"",""6151.2"","""",""tonnes"""
"State of Palestine,""2000"",""5016.0"","""",""tonnes"""
"Sweden,""2016"",""1331975.0"","""",""tonnes"""
"Sweden,""2014"",""1092814.0"","""",""tonnes"""
"Sweden,""2012"",""1123393.0"","""",""tonnes"""
"Sweden,""2010"",""769746.0"","""",""tonnes"""
"Sweden,""2008"",""996222.0"","""",""tonnes"""
"Sweden,""2006"",""653046.0"","""",""tonnes"""
"Sweden,""2004"",""1167606.0"","""",""tonnes"""
"Syrian Arab Republic,""2003"",""46.0"","""",""tonnes"""
"Tunisia,""2002"",""150200.0"","""",""tonnes"""
"Tunisia,""2001"",""151000.0"","""",""tonnes"""
"Turkey,""2016"",""7679429.0"","""",""tonnes"""
"Turkey,""2014"",""6487595.0"","""",""tonnes"""
"Turkey,""2012"",""3571001.0"","""",""tonnes"""
"Turkey,""2010"",""2583622.0"","""",""tonnes"""
"Turkey,""2008"",""1163682.0"","""",""tonnes"""
"Turkey,""2006"",""64704.0"","""",""tonnes"""
"Turkey,""2004"",""1230874.0"","""",""tonnes"""
"Ukraine,""2019"",""355963.0"","""",""tonnes"""
"Ukraine,""2018"",""404748.0"","""",""tonnes"""
"Ukraine,""2017"",""412281.0"","""",""tonnes"""
"Ukraine,""2016"",""447499.0"","""",""tonnes"""
"Ukraine,""2015"",""399712.0"","""",""tonnes"""
"Ukraine,""2014"",""417342.0"","""",""tonnes"""
"Ukraine,""2013"",""557169.0"","""",""tonnes"""
"Ukraine,""2012"",""702154.0"","""",""tonnes"""
"Ukraine,""2011"",""751700.0"","""",""tonnes"""
"Ukraine,""2010"",""965559.0"","""",""tonnes"""
"Ukraine,""2009"",""1175756.0"","""",""tonnes"""
"Ukraine,""2008"",""2022268.0"","""",""tonnes"""
"Ukraine,""2007"",""2062766.0"","""",""tonnes"""
"Ukraine,""2006"",""1968906.0"","""",""tonnes"""
"Ukraine,""2005"",""1885095.0"","""",""tonnes"""
"Ukraine,""2004"",""1956227.0"","""",""tonnes"""
"Ukraine,""2003"",""2124032.0"","""",""tonnes"""
"Ukraine,""2002"",""2436571.0"","""",""tonnes"""
"Ukraine,""2001"",""2944207.0"","""",""tonnes"""
"Ukraine,""2000"",""2150033.0"","""",""tonnes"""
"Ukraine,""1999"",""2038508.5"","""",""tonnes"""
"Ukraine,""1998"",""2365007.0"","""",""tonnes"""
"Ukraine,""1997"",""3242961.0"","""",""tonnes"""
"Ukraine,""1996"",""3050891.0"","""",""tonnes"""
"Ukraine,""1995"",""3396433.0"","""",""tonnes"""
"United Arab Emirates,""2020"",""310388.4"","""",""tonnes"""
"United Arab Emirates,""2019"",""576543.1"","""",""tonnes"""
"United Arab Emirates,""2018"",""429940.8"","""",""tonnes"""
"United Arab Emirates,""2017"",""368772.0"","""",""tonnes"""
"United Arab Emirates,""2016"",""235464.2"","""",""tonnes"""
"United Arab Emirates,""2015"",""309029.4"","""",""tonnes"""
"United Arab Emirates,""2014"",""358893.5"","""",""tonnes"""
"United Arab Emirates,""2013"",""304699.3"","""",""tonnes"""
"United Arab Emirates,""2012"",""341423.3"","""",""tonnes"""
"United Arab Emirates,""2011"",""343974.3"","""",""tonnes"""
"United Arab Emirates,""2010"",""324553.2"","""",""tonnes"""
"United Kingdom of Great Britain and Northern Ireland,""2016"",""1931003.0"","""",""tonnes"""
"United Kingdom of Great Britain and Northern Ireland,""2014"",""1895828.0"","""",""tonnes"""
"United Kingdom of Great Britain and Northern Ireland,""2012"",""1912805.0"","""",""tonnes"""
"United Kingdom of Great Britain and Northern Ireland,""2010"",""1973446.0"","""",""tonnes"""
"United Kingdom of Great Britain and Northern Ireland,""2008"",""3313993.0"","""",""tonnes"""
"United Kingdom of Great Britain and Northern Ireland,""2006"",""3425653.0"","""",""tonnes"""
"United Kingdom of Great Britain and Northern Ireland,""2004"",""4734457.0"","""",""tonnes"""
"United Republic of Tanzania,""2015"",""53.0"","""",""tonnes"""
"United Republic of Tanzania,""2014"",""55.0"","""",""tonnes"""
"United Republic of Tanzania,""2013"",""53.0"","""",""tonnes"""
"United Republic of Tanzania,""2012"",""49.1"","""",""tonnes"""
"United Republic of Tanzania,""2011"",""46.2"","""",""tonnes"""
"United Republic of Tanzania,""2010"",""44.0"","""",""tonnes"""
"United Republic of Tanzania,""2009"",""35.6"","""",""tonnes"""
"United Republic of Tanzania,""2008"",""33.0"","""",""tonnes"""
"United Republic of Tanzania,""2007"",""6.5"","""",""tonnes"""
"United Republic of Tanzania,""2006"",""5.5"","""",""tonnes"""
"United Republic of Tanzania,""2005"",""5.4"","""",""tonnes"""
"United Republic of Tanzania,""2004"",""4.0"","""",""tonnes"""
"United Republic of Tanzania,""1990"",""14.1"","""",""tonnes"""
"Uzbekistan,""2021"",""2.2"","""",""tonnes"""
"Uzbekistan,""2020"",""8.7"","""",""tonnes"""
"Uzbekistan,""2019"",""1.8"","""",""tonnes"""
"Uzbekistan,""2018"",""3.0"","""",""tonnes"""
"Uzbekistan,""2017"",""25.6"","""",""tonnes"""
"Uzbekistan,""2016"",""21.5"","""",""tonnes"""
"Uzbekistan,""2015"",""1.7"","""",""tonnes"""
"Uzbekistan,""2014"",""0.7"","""",""tonnes"""
"Zambia,""2005"",""80000.0"","""",""tonnes"""
"Zambia,""2000"",""49800.0"","""",""tonnes"""
